{"val_loss": [0.6811905766986562, 0.6831553881109165], "val_acc": [0.42212189683526685, 0.42212189683526685], "loss": [0.6919708559231729, 0.6906679903363724], "acc": [0.4635798982951952, 0.46301524572490904]}