{"val_loss": [0.6952117082765894, 0.705086332411583], "val_acc": [0.4537246042934013, 0.4537246042934013], "loss": [0.6967786655864898, 0.6958705153861064], "acc": [0.4878599662554594, 0.5053642011509987]}