{"val_loss": [0.6915245052115911, 0.6969557587503041], "val_acc": [0.4717832963837996, 0.5282167036162004], "loss": [0.7009375521114894, 0.6950205726383905], "acc": [0.49689440987057637, 0.49294184085206755]}