{"val_loss": [0.6917653582973351, 0.6923253335748246], "val_acc": [0.5056433415305265, 0.4943566584694735], "loss": [0.6933593304058981, 0.6926255320035287], "acc": [0.5172219085767402, 0.5324675325516722]}