{"val_loss": [0.6926492876446813, 0.692477957793337], "val_acc": [0.5936794594502073, 0.5146726878448211], "loss": [0.6957387517967311, 0.6930354411557594], "acc": [0.4985883682545533, 0.5194805195646593]}