{"val_loss": [0.6956606185732254, 0.6912568522360739], "val_acc": [0.4492099324817313, 0.550790069334663], "loss": [0.6954081287362494, 0.6951754585892921], "acc": [0.4839073968835634, 0.4895539244038449]}