{"val_loss": [0.6976711195693867, 0.6927767378482], "val_acc": [0.4920993217227152, 0.5372460498632211], "loss": [0.6980997298411364, 0.6935000401779059], "acc": [0.47826086963252923, 0.5189158668429215]}