{"val_loss": [0.6914947600719891, 0.6911085624727116], "val_acc": [0.5282167045580345, 0.5282167045580345], "loss": [0.6929610723967204, 0.6937774088946794], "acc": [0.5081874647596877, 0.5172219085935682]}