{"val_loss": [0.6916296753872598, 0.6912584914310791], "val_acc": [0.521444694586855, 0.5124153492143946], "loss": [0.6916019676904231, 0.6940500291305232], "acc": [0.5273856578709243, 0.5031055901294237]}