{"val_loss": [0.6955251331792189, 0.6945851879787229], "val_acc": [0.4875846507856055, 0.4875846507856055], "loss": [0.6941440535560965, 0.6940469374971697], "acc": [0.5098814230258689, 0.5093167701526795]}