{"val_loss": [0.6974741515133773, 0.6944566058251443], "val_acc": [0.46726862369756933, 0.46726862369756933], "loss": [0.6964061139735174, 0.6935240562725444], "acc": [0.48955392442067286, 0.5053642009827191]}